Workbook

Sheet Hárok1
A1: STOLÁRSTVO | E1: MENO:
E2: TELEFÓN:
A3: SUČANSKÝ | E3: ADRESA:
E4: E-MAIL:
A5: CENOVÁ PONUKA INTERIÉROVÉ DVERE | E5: MATERIÁL:
A6: ROZMER | B6: MODEL | C6: MATERIÁL | D6: SKLO | E6: CENA ZA KUS | F6: ZÁRUBEŇ | G6: POČET | H6: CENA BEZ DPH
E7: =IFERROR(VLOOKUP(B7, Calc!A:B, 2, FALSE), 0)+IF(A7<=69, 0,IF(A7<=79, 3,IF(A7<=89, 6, 9))) -> 0 | F7: =TRUE -> TRUE | H7: =IF(ISBLANK(B7),0, G7*E7+IF(F7, IF(B7="v1", 79, 93), 0)) -> 0
E8: =IFERROR(VLOOKUP(B8, Calc!A:B, 2, FALSE), 0)+IF(A8<=69, 0,IF(A8<=79, 3,IF(A8<=89, 6, 9))) -> 0 | F8: =TRUE -> TRUE | H8: =IF(ISBLANK(B8),0, G8*E8+IF(F8, IF(B8="v1", 79, 93), 0)) -> 0
E9: =IFERROR(VLOOKUP(B9, Calc!A:B, 2, FALSE), 0)+IF(A9<=69, 0,IF(A9<=79, 3,IF(A9<=89, 6, 9))) -> 0 | F9: =TRUE -> TRUE | H9: =IF(ISBLANK(B9),0, G9*E9+IF(F9, IF(B9="v1", 79, 93), 0)) -> 0
E10: =IFERROR(VLOOKUP(B10, Calc!A:B, 2, FALSE), 0)+IF(A10<=69, 0,IF(A10<=79, 3,IF(A10<=89, 6, 9))) -> 0 | F10: =TRUE -> TRUE | H10: =IF(ISBLANK(B10),0, G10*E10+IF(F10, IF(B10="v1", 79, 93), 0)) -> 0
E11: =IFERROR(VLOOKUP(B11, Calc!A:B, 2, FALSE), 0)+IF(A11<=69, 0,IF(A11<=79, 3,IF(A11<=89, 6, 9))) -> 0 | F11: =TRUE -> TRUE | H11: =IF(ISBLANK(B11),0, G11*E11+IF(F11, IF(B11="v1", 79, 93), 0)) -> 0
E12: =IFERROR(VLOOKUP(B12, Calc!A:B, 2, FALSE), 0)+IF(A12<=69, 0,IF(A12<=79, 3,IF(A12<=89, 6, 9))) -> 0 | F12: =TRUE -> TRUE | H12: =IF(ISBLANK(B12),0, G12*E12+IF(F12, IF(B12="v1", 79, 93), 0)) -> 0
E13: =IFERROR(VLOOKUP(B13, Calc!A:B, 2, FALSE), 0)+IF(A13<=69, 0,IF(A13<=79, 3,IF(A13<=89, 6, 9))) -> 0 | F13: =TRUE -> TRUE | H13: =IF(ISBLANK(B13),0, G13*E13+IF(F13, IF(B13="v1", 79, 93), 0)) -> 0
E14: =IFERROR(VLOOKUP(B14, Calc!A:B, 2, FALSE), 0)+IF(A14<=69, 0,IF(A14<=79, 3,IF(A14<=89, 6, 9))) -> 0 | F14: =TRUE -> TRUE | H14: =IF(ISBLANK(B14),0, G14*E14+IF(F14, IF(B14="v1", 79, 93), 0)) -> 0
E15: =IFERROR(VLOOKUP(B15, Calc!A:B, 2, FALSE), 0)+IF(A15<=69, 0,IF(A15<=79, 3,IF(A15<=89, 6, 9))) -> 0 | F15: =TRUE -> TRUE | H15: =IF(ISBLANK(B15),0, G15*E15+IF(F15, IF(B15="v1", 79, 93), 0)) -> 0
A17: KĽUČKY nájdete na kluckynadvere.sk | F17: CENA ZA KUS | G17: POČET | H17: CENA BEZ DPH
H18: =G18*F18 -> 0
A19: Rozeta - BB štandardný interiérový zámok | F19: 0 | H19: =G19*F19 -> 0
A20: Rozeta - WC zámok | F20: 11 | H20: =G20*F20 -> 0
A21: Rozeta - FAB zámok | F21: 0 | H21: =G21*F21 -> 0
H22: =G22*F22 -> 0
A23: Montáž kľučiek a roziet 5€ | F23: 5 | H23: =G23*F23 -> 0
A25: DOVOZ | F25: MESTO | G25: POČET | H25: CENA BEZ DPH
A26: Okresné mesto. Cena prepravy je 0,5 € za km. Preprava sa počíta od výroby v obci Čachtice. | H26: =G26 -> 0
A27: Ulica
A28: Číslo domu
A29: Obec
A30: PSČ
A32: MONTÁŽ | G32: POČET | H32: CENA BEZ DPH
A33: Akciová montáž dverí so zárubňou 25 € / kus. Akcia platí pri počte 6 a viac kusov. Minimálna suma na dvoch montážnikov je 150 €. | G33: 0 | H33: =IF(G33>0,MAX(G33*25,150),0) -> 0
A35: ŠPECIÁLNE DOPLNKY | F35: CENA ZA KUS | G35: POČET | H35: CENA BEZ DPH
A36: Farebné krytky na pánty | F36: 12 | H36: =F36*G36 -> 0
A37: Farebné magnetické zámky | F37: 15 | H37: =F37*G37 -> 0
A38: Mušle na posuvné dvere | F38: 15 | H38: =F38*G38 -> 0
A39: Farebné skryté kovanie | H39: =F39*G39 -> 0
A40: Náprstník na posuvné dvere | F40: 10 | H40: =F40*G40 -> 0
A41: Príplatok za striekanie | H41: =F41*G41 -> 0
A42: Príplatok za dyhu | H42: =F42*G42 -> 0
A43: Príplatok za sklo | H43: =F43*G43 -> 0
A44: Vetracie mriežky do dverí | F44: 40 | H44: =F44*G44 -> 0
H45: =F45*G45 -> 0
A47: MOŽNÉ PRÍPLATKY | F47: CENA ZA KUS | G47: POČET | H47: CENA BEZ DPH
A48: Výplň dutinková drevotrieska: Dvere môžu byť vyplnené papierovou voštinou alebo dutinkovou drevotrieskou za príplatok 30 €. Voština je papierová vrstva, dutinková drevotrieska je z drevenej štiepky. Dutinkovú drevotriesku odporúčame do dverí V1, ale môžu ísť do všetkých dverí z kategórie Vanesa a Petra. Dutinková drevotrieska je tažšia, pevnejšia a izolačnejšia. | F48: 30 | H48: =F48*G48 -> 0
A49: Silikónové tesnenie do zárubne 10 €/kus: Do zárubne vyfrézujeme drážku a do nej sa vsunie silikónové tesnenie. To má výhodu, že pri zatváraní sú dvere tichšie a keď sú zatvorené, tak silikónové tesnenie eliminuje zvuk zo susednej miestnosti. | F49: 10 | H49: =F49*G49 -> 0
A50: Vytmelenie nerovností medzi stenou a zárubňou 6 €/kus: Pri osadení zárubne môže pri krivých stenách vzniknúť medzera medzi stenou a zárubňou. Túto medzeru vieme vyplniť akrylovým silikónom. Vzhľadom na elasticitu silikónu sa dajú vymeniť iba medzery do 0,5 cm. | F50: =6*0.7 -> 4.2 | H50: =F50*G50 -> 0
A51: Vynášanie na 3. a vyššie poschodie bez výťahu: Za vynášanie na 3. a vyššie poschodie bez výťahu sa účtuje príplatok za vynesenie dverí, zárubní, materiálu a náradia 100 €. | F51: 100 | H51: =F51*G51 -> 0
A52: Príplatok za steny hrubšie ako 20 cm 12 €/extra 10 cm: Ak sú steny hrubšie ako 20 cm, tak sa účtuje príplatok za extra materiál 12 € za každých extra 10 cm. | F52: 12 | H52: =F52*G52 -> 0
A53: Príplatok za dvere vyššie ako 207 cm 20 €/kus: Dvere s výškou 207 cm až 240 sm sú s príplatkom 20 €/kus za drahší materiál. Nie všetky materiály sa dajú dodať vo výške nad 207 cm. | F53: 20 | H53: =F53*G53 -> 0
A54: Obklad pôvodných oceľových zárubní 25 €/kus: Ak sa jedná o obklad pôvodných oveľových zárubní, tak sa účtuje príplatok 25€. Treba ale brať do úvahy, že pri obkladoch pôvodných zárubní sa stavebný otvor zúži o cca 3,5 cm z každej strany. To znamená cca 3,5 cm z hora a cca 7 cm zo šírky. | F54: 25 | H54: =F54*G54 -> 0
A55: Príplatok za zarezávanie obložiek 15 €/kus: Obložky sa pri montáži zarezávajú, ak sú nesprávne riešené stavebné otvory. Napríklad ak sú schody medzi miestnosťami viac ako 5 mm, ďalej ak nie sú úchyty na stenách na zárubnu a musí sa z obložky zrezávať, alebo ak je obklad v kúpelňi / WC do výšky menej ako je výška dverí a treva z obložky odfrézovať drážku. | F55: 15 | H55: =F55*G55 -> 0
H56: =F56*G56 -> 0
A58: ŠPECIÁLNE PRÍPLATKY | F58: MONTÁŽ | G58: POČET | H58: CENA BEZ DPH
A59: Cena zárubne na dvojkrídlové dvere 103 €. Montáž + 25 €. | F59: =TRUE -> TRUE | H59: =G59*(103+IF(F59,25,0)) -> 0
A60: Posuvné dvere - kovanie Garniža 150 €. Montáž + 25 €. | F60: =TRUE -> TRUE | H60: =G60*(150+IF(F60,25,0)) -> 0
A61: Posuvné dvere - kovanie Minima 250€. Montáž + 25 €. | F61: =TRUE -> TRUE | H61: =G61*(250+IF(F61,25,0)) -> 0
A62: Posuvné dvere - kovanie do vstavaného púzdra 0 €. Zárubeň na vstavané púzdro 150 €. Montáž + 25 €. | F62: =TRUE -> TRUE | H62: =G62*(150+IF(F62,25,0)) -> 0
A63: Príplatok za skryté pánty dvere 130 €. Montáž + 25 €. | F63: =TRUE -> TRUE | H63: =G63*(130+IF(F63,25,0)) -> 0
A64: Príplatok za reverzné dvere 265 €. Montáž + 25 €. | F64: =TRUE -> TRUE | H64: =G64*(265+IF(F64,25,0)) -> 0
A65: Dvojkrídlové bezfalcové dvere so zárubňou a montážou 285 €. Montáž + 25 €. | F65: =TRUE -> TRUE | H65: =G65*(285+IF(F64,25,0)) -> 0
A66: Príplatok za dvojkrídlové posuvné dvere garniža 250 €. Montáž + 50 €. | F66: =TRUE -> TRUE | H66: =G66*(250+IF(F66,50,0)) -> 0
A67: Príplatok za dvojkrídlové posuvné dvere Minima 350 €. Montáž + 50 €. | F67: =TRUE -> TRUE | H67: =G67*(350+IF(F67,50,0)) -> 0
A68: Príplatok za dvojkrídlové posuvné dvere do púzdra 0 €. Zárubeň na dvojkrídlové dvere do púzdra 180 €. Montáž + 25 €. | F68: =TRUE -> TRUE | H68: =G68*(180+IF(F68,25,0)) -> 0
A69: Posuvné kovanie - Barn 1 čierne 150 €. Montáž + 25 €. | F69: =TRUE -> TRUE | H69: =G69*(150+IF(F69,25,0)) -> 0
A70: Posuvné kovanie - Minima čierne 290 €. Montáž + 25 €. | F70: =TRUE -> TRUE | H70: =G70*(290+IF(F70,25,0)) -> 0
A71: Dvere do púzdra so zárubňou 57 €. Montáž + 25 €. | F71: =TRUE -> TRUE | H71: =G71*(57+IF(F71,25,0)) -> 0
A72: Dvere do púzdra bez zárubne 0 €. Montáž + 25 €. | F72: =TRUE -> TRUE | H72: =G72*(0+IF(F72,25,0)) -> 0
A73: Dvojkrídlové dvere do púzdra 87 €. Montáž + 25 €. | F73: =TRUE -> TRUE | H73: =G73*(87+IF(F73,25,0)) -> 0
A74: Zalamovacie interiérové dvere 220 €. Montáž + 50 €. | F74: =TRUE -> TRUE | H74: =G74*(220+IF(F74,50,0)) -> 0
A75: Posuvné kovanie - neviditeľné 490 €. Montáž + 50 €. | F75: =TRUE -> TRUE | H75: =G75*(490+IF(F75,50,0)) -> 0
A76: Posuvné kovanie - Barn 4 čierne 210 €. Montáž + 25 €. | F76: =TRUE -> TRUE | H76: =G76*(210+IF(F76,25,0)) -> 0
A77: Posuvné kovanie - Barn 3 čierne 190 €. Montáž + 25 €. | F77: =TRUE -> TRUE | H77: =G77*(190+IF(F77,25,0)) -> 0
A78: Posuvné kovanie - Barn 2 čierne 180 €. Montáž + 25 €. | F78: =TRUE -> TRUE | H78: =G78*(180+IF(F78,25,0)) -> 0
H79: =G79*(190+IF(F79,25,0)) -> 0
A81: CENA SPOLU BEZ DPH | H81: =SUM(H1:H79) -> 0
A82: CENA SPOLU S DPH | H82: =(H81*0.23)+H81 -> 0

Sheet Calc
A1: Code | B1: Price
A2: R1 | B2: 170
A3: R2 | B3: 170
A4: R3 | B4: 192
A5: R4 | B5: 175
A6: R5 | B6: 175
A7: R6 | B7: 192
A8: R7 | B8: 192
A9: R8 | B9: 198
A10: R9 | B10: 202
A11: R10 | B11: 202
A12: R11 | B12: 198
A13: R12 | B13: 216
... A57: P16 | B57: 129
